GENDER,AGE_GROUP,INCOME_GROUP,FAMILY_TYPE,MONTHLY_FEE_CODE,HAS_AD_PLAN,AD_INTENT,SEARCH_VIEW,RECOMMEND_VIEW,BINGE_WATCH,DEVICE_COUNT,OTT_SERVICE_COUNT,CONTENT_TYPE_COUNT,BROADCAST_TYPE_COUNT,실제값,예측값,안정_확률,주의_확률,위험_확률
1,5,3,3,3,1,4,3,4,3,1,1,2,0,2,0,0.48582467994504147,0.035633252990825696,0.4785420670641327
1,7,7,3,8,2,2,5,5,5,2,6,6,2,0,0,0.9997820007602616,0.00016826975405505564,4.972948568353564e-05
2,2,2,5,3,2,4,3,4,4,1,1,4,0,0,0,0.7457823564527558,0.18462250714279965,0.06959513640444445
1,4,4,3,8,2,2,3,3,4,2,1,3,0,0,0,0.8366611129126497,0.16239011082368687,0.0009487762636635765
1,5,5,2,4,2,2,4,4,3,1,1,2,2,0,0,0.6262265498182287,0.2539139951760696,0.11985945500570179
1,6,7,3,5,2,1,3,4,1,1,2,3,0,1,0,0.9190052696511959,0.07574489697121292,0.005249833377591228
1,2,5,2,8,2,3,3,2,1,1,1,3,0,0,0,0.6688423549642465,0.2927898408161618,0.03836780421959173
2,5,3,1,3,2,2,4,4,2,1,1,4,1,1,0,0.555721097282961,0.40073262640532525,0.04354627631171374
2,6,5,3,5,2,3,3,3,3,1,1,1,0,0,1,0.22173054279225934,0.7745857555458939,0.003683701661846872
1,6,3,2,4,2,1,4,3,3,1,1,1,0,1,2,0.31625844406517256,0.0977456895165438,0.5859958664182837
2,4,7,4,8,2,2,4,3,3,2,3,3,2,0,0,0.9945746171367206,0.005108981415178021,0.000316401448101291
1,4,6,3,3,2,1,4,4,4,1,1,1,0,0,2,0.1997054333145623,0.3993559248788805,0.4009386418065572
1,3,7,4,3,2,2,3,4,2,2,1,2,0,0,1,0.09825646551859772,0.8802419052950208,0.021501629186381474
1,5,5,1,3,2,3,3,3,3,2,1,4,0,0,0,0.5719805884179372,0.3862948251020677,0.04172458647999517
1,5,7,3,8,2,2,3,4,3,1,1,3,2,0,1,0.3028941191116588,0.38621436957962046,0.3108915113087207
1,4,7,3,8,2,2,4,3,3,2,1,3,2,2,0,0.4485661188752391,0.3675428798818736,0.18389100124288707
1,5,7,3,3,2,4,3,3,5,2,1,3,0,2,1,0.2826212775986001,0.6856536954541989,0.03172502694720111
1,5,1,5,3,2,3,4,5,2,1,2,3,2,0,0,0.9938131104644559,0.004111300737134394,0.0020755887984097573
2,4,5,2,5,2,2,4,4,1,3,1,4,0,0,0,0.9960855498570007,0.002500225444312076,0.0014142246986871751
1,4,7,3,6,2,3,5,5,4,1,1,3,0,0,0,0.9198926001812523,0.07915272729852961,0.0009546725202180131
1,6,2,2,8,2,3,4,4,4,1,1,4,2,0,0,0.9260321699936785,0.07259012345005107,0.0013777065562704317
2,3,4,1,5,2,3,5,5,5,3,2,5,3,0,0,0.99948263503953,0.0005074393767234319,9.92558374638691e-06
2,1,7,3,8,2,5,4,4,4,1,1,3,2,0,1,0.3649311512063715,0.6076355361441158,0.027433312649512757
2,4,7,4,3,2,3,4,3,2,1,2,3,0,1,1,0.16585863514089305,0.823404342128902,0.010737022730204937
1,5,5,3,8,2,2,5,4,4,1,3,5,2,0,0,0.9870573000383354,0.012017599997015337,0.0009250999646493904
2,4,6,2,8,1,3,5,5,3,3,1,3,0,0,0,0.9995037730069299,0.0004834428793483682,1.2784113721572617e-05
1,3,4,5,3,1,3,4,4,4,1,2,1,0,0,2,0.3880199995027873,0.20584913130092017,0.40613086919629243
2,4,7,3,4,2,2,4,4,4,1,1,5,2,0,0,0.918084945751634,0.07826121784045913,0.003653836407906784
2,5,7,3,8,2,2,4,3,1,1,1,1,0,1,0,0.8562873106148627,0.052543799705291196,0.09116888967984592
1,4,5,3,8,2,1,3,3,2,1,1,1,0,2,0,0.7307581306302822,0.16787503699046233,0.10136683237925552
1,4,6,3,6,2,3,4,4,4,1,1,3,0,0,0,0.9472521081733196,0.04735173143980212,0.005396160386878305
2,1,2,5,6,2,2,4,4,2,1,1,3,3,0,0,0.9981257974573925,0.00176154569168569,0.0001126568509217287
1,5,7,3,4,2,4,4,4,3,2,2,3,2,0,0,0.8567368487762129,0.08698830119980573,0.05627485002398139
1,4,6,3,8,2,1,3,4,3,1,1,4,2,1,0,0.6567760886260988,0.11383659967620827,0.22938731169769289
2,4,7,3,8,2,2,3,4,4,2,1,3,1,0,0,0.47733163152197017,0.38309885372751984,0.13956951475051002
1,5,1,3,3,1,3,4,4,5,2,1,4,1,0,0,0.9386418308375332,0.06091237936133262,0.0004457898011344025
1,4,7,3,5,1,4,5,4,3,2,3,4,3,1,0,0.956402697098639,0.04348762656683826,0.00010967633452254771
1,4,7,3,3,2,3,3,2,2,2,2,2,2,0,1,0.3336790524877384,0.6598720843310549,0.006448863181206621
2,5,5,3,7,2,1,3,4,1,1,2,3,0,0,0,0.9098143792522645,0.06942042615276478,0.020765194594970643
1,4,7,2,5,2,2,5,4,4,2,2,2,1,0,0,0.9036847314552569,0.09513766610421459,0.001177602440528579
1,6,5,3,5,2,4,3,2,2,2,1,1,0,0,1,0.05705711256469546,0.9385930005400311,0.004349886895273261
1,3,4,3,8,2,2,3,4,1,1,2,4,1,0,0,0.7425902303580973,0.23465795391434205,0.02275181572756054
2,5,3,2,6,2,3,3,4,2,1,1,2,1,1,0,0.6631060551917213,0.2369904055767184,0.09990353923156024
2,6,4,3,5,2,2,4,3,2,1,1,1,0,1,0,0.6949131476849126,0.23371546668084367,0.07137138563424367
1,4,6,2,5,2,3,4,4,4,1,1,3,2,1,1,0.2619655392016207,0.7306777558919157,0.007356704906463556
1,7,2,2,8,2,2,3,3,2,1,1,1,0,0,1,0.25162424235470743,0.5260483683951419,0.22232738925015066
2,4,3,1,4,1,3,5,5,5,1,3,6,1,0,0,0.9992930865050085,0.0006638901149174358,4.302338007416361e-05
2,2,3,1,6,2,2,4,4,4,2,2,6,2,0,0,0.9969065971783189,0.0015482419926104798,0.001545160829070683
2,5,7,3,6,2,2,4,4,3,1,2,3,5,0,0,0.9826238094693641,0.0028179346222604673,0.014558255908375376
1,4,6,3,3,1,4,4,4,4,2,1,2,0,1,1,0.2071267702985126,0.7112797436369205,0.08159348606456696
1,5,7,3,6,2,4,5,5,5,2,3,4,1,0,0,0.931479153195355,0.06743374507251303,0.0010871017321317667
1,3,5,2,7,2,3,3,3,2,1,2,2,0,0,0,0.9087300613817354,0.08548537459200944,0.005784564026255183
2,4,5,3,8,2,2,5,5,4,1,3,6,2,0,0,0.9988657505190949,0.0007015343891133916,0.00043271509179160163
1,3,6,3,4,2,1,5,5,1,2,2,2,0,0,0,0.98461407243082,0.015201542795090795,0.00018438477408907463
1,5,5,2,7,1,4,4,4,2,2,1,4,1,0,0,0.9459892290092219,0.05123375060122035,0.0027770203895576377
2,2,6,3,3,1,3,4,3,2,1,1,3,0,0,0,0.7878006126054636,0.1180144443531873,0.09418494304134908
1,4,5,2,8,2,4,4,4,4,1,3,6,4,0,0,0.9593426325229271,0.03980666603423336,0.0008507014428396505
1,5,5,3,4,2,3,4,4,1,1,1,1,0,2,0,0.8105198234880162,0.09828966808172289,0.0911905084302608
1,6,3,2,7,1,3,4,4,2,1,2,3,4,0,0,0.9456446947475616,0.04378730254977819,0.010568002702660359
2,4,5,1,6,1,5,5,4,5,3,3,4,4,0,0,0.9998776507814473,0.00011168797045724496,1.0661248095465924e-05
2,6,2,2,8,2,4,2,3,2,1,1,1,0,2,1,0.012045873050137823,0.854928450295456,0.1330256766544062
1,4,7,3,7,2,3,5,4,4,4,2,4,0,0,0,0.9997779943336681,0.0001518798049072298,7.012586142465113e-05
2,2,3,5,6,2,4,3,4,4,2,3,6,1,0,0,0.9991243976450096,3.253396674723496e-05,0.0008430683882430849
2,1,7,3,3,2,3,4,2,3,1,2,1,0,2,0,0.7601446409197665,0.19638830590881376,0.04346705317141973
1,5,6,3,3,2,3,4,3,3,1,1,2,0,1,2,0.31708964230652426,0.18460699163937921,0.4983033660540965
1,4,5,1,7,2,1,5,3,5,1,1,3,0,0,0,0.983180714123303,0.012649747442591341,0.004169538434105629
1,3,5,3,8,2,2,3,2,3,1,2,2,0,0,0,0.9351942247911434,0.04294043898940858,0.02186533621944814
1,5,7,3,4,2,2,4,4,4,1,1,5,2,1,0,0.8058519147296503,0.18916036556894192,0.0049877197014076115
1,4,7,2,8,2,3,5,3,3,2,1,4,0,0,0,0.9482276183318984,0.0501281767194244,0.001644204948677273
2,3,5,3,8,1,3,4,4,5,2,1,3,0,0,0,0.9920157877705792,0.004874925957477793,0.0031092862719430464
2,5,5,3,8,2,3,3,2,4,1,1,2,0,1,2,0.35700009416905026,0.2834956573246037,0.3595042485063461
1,5,7,3,8,2,2,4,4,2,1,1,3,0,0,0,0.6711834613971376,0.29181331485592127,0.037003223746941066
1,1,2,5,3,2,1,3,2,3,1,1,5,1,0,1,0.17037403809411356,0.8147846766710829,0.014841285234803624
2,2,6,3,4,2,3,4,3,4,1,5,5,2,0,0,0.9998436546295213,0.00012050492419560368,3.584044628324956e-05
1,3,5,3,6,1,3,4,4,1,1,2,5,1,0,0,0.9834121186813365,0.016238087927603884,0.0003497933910596568
1,4,6,3,6,2,4,5,4,4,2,6,5,3,1,0,0.99348374972289,0.005337815614896366,0.001178434662213694
1,2,4,3,8,2,3,4,4,3,1,1,1,0,0,0,0.6689404421691447,0.15497648084586765,0.17608307698498765
1,1,6,3,5,2,2,4,4,3,1,1,3,2,1,1,0.15937449896330805,0.6751865632371442,0.16543893779954771
1,3,4,1,5,2,3,4,4,3,2,1,5,3,0,0,0.9956030436720991,0.004309811453454485,8.714487444656174e-05
1,3,5,3,6,2,1,5,2,4,2,2,1,0,1,0,0.9530520439297235,0.04336729230871857,0.0035806637615577687
2,2,3,1,4,2,4,5,5,3,3,2,3,0,0,0,0.9984724880781947,0.0009726386756300298,0.0005548732461753928
1,6,7,3,8,2,3,4,3,4,1,1,3,1,2,1,0.35698200608687364,0.6406083430186806,0.0024096508944457386
2,5,7,3,6,2,2,4,4,5,3,1,6,1,0,0,0.9930506005086963,0.006773434333555817,0.00017596515774800947
1,6,6,2,3,2,3,4,3,4,2,2,3,2,0,1,0.39588067723024484,0.6012036825713633,0.0029156401983919194
1,4,7,3,8,2,2,3,3,3,2,2,2,2,0,0,0.7226947353505263,0.1844657513451369,0.09283951330433667
1,5,7,3,3,1,4,4,3,3,1,2,3,3,1,1,0.07454796247208963,0.5006535109121008,0.4247985266158097
2,2,5,2,8,2,2,4,3,4,1,3,1,0,2,0,0.7752695154949478,0.08086350551264446,0.14386697899240763
1,5,7,3,8,2,1,4,4,2,1,1,2,0,0,0,0.8563370576322151,0.10615435705311792,0.037508585314666935
2,6,4,3,5,2,1,5,4,1,1,2,2,0,0,0,0.99022893480263,0.00940651404875602,0.0003645511486140314
1,2,4,1,4,2,2,4,3,4,1,5,2,0,0,0,0.9986024932271246,0.0010229005474529118,0.00037460622542252866
1,5,7,3,6,2,1,4,3,4,2,1,3,0,0,0,0.8954823345030877,0.08866258134231654,0.015855084154595876
2,6,7,3,4,2,3,4,2,1,1,1,1,0,2,0,0.47441606343396286,0.27882208472610187,0.24676185183993532
1,5,7,3,4,1,3,3,3,4,4,4,6,2,0,0,0.9914434268997736,0.004633346249078276,0.00392322685114819
2,3,7,3,6,2,2,5,5,5,1,3,3,3,1,0,0.9917068202806513,0.008192668492958596,0.00010051122639010068
1,3,6,3,7,2,2,5,5,5,1,3,3,4,2,0,0.9928635490182492,0.006861424392259253,0.0002750265894915831
2,7,3,3,3,1,4,3,4,4,1,1,2,0,2,0,0.6586689966459125,0.13478311744220914,0.20654788591187834
2,4,7,3,5,2,4,5,5,2,2,3,2,0,0,0,0.808151912253741,0.1909938118852224,0.0008542758610367466
2,4,4,1,4,2,1,2,3,3,1,2,2,0,0,0,0.6516998170057272,0.2431919677004827,0.10510821529379012
1,5,6,3,5,1,4,4,4,4,2,1,5,1,0,0,0.9764245116769932,0.02332495696184514,0.0002505313611617062
1,6,7,3,4,1,3,3,3,3,2,2,4,0,1,0,0.6011035571191862,0.2960547851592328,0.10284165772158094
1,3,5,2,6,2,3,5,3,2,2,2,1,0,0,0,0.9441334390435513,0.055753189934537026,0.00011337102191186322
2,5,6,3,5,2,3,5,5,2,1,1,2,0,1,0,0.7454453650736685,0.25390338701126847,0.0006512479150629601
1,5,7,3,6,2,2,4,4,4,1,1,3,0,1,0,0.8929563395729502,0.07197664703799836,0.03506701338905134
1,5,2,2,6,1,4,4,2,2,2,2,3,0,0,0,0.8889123078346387,0.10981853058308073,0.001269161582280762
1,5,4,3,4,2,4,3,4,1,1,1,3,0,1,0,0.9259790238166403,0.04358330556289593,0.03043767062046375
2,3,5,3,1,2,2,2,1,4,2,2,1,0,2,1,0.15556208695235527,0.7823382767293766,0.06209963631826804
1,3,4,3,8,2,2,4,4,4,1,4,2,0,0,0,0.9920199328408043,0.006396669072341743,0.0015833980868540773
1,6,3,2,5,2,3,4,5,4,2,1,3,1,0,0,0.5943173543452124,0.40419546879342677,0.0014871768613608045
1,5,7,4,3,2,3,4,3,3,1,1,3,0,2,0,0.9368537857632867,0.04141505582502762,0.02173115841168582
2,4,7,3,8,2,1,5,5,5,3,1,5,3,0,0,0.9029718485325802,0.09696044463258728,6.770683483252852e-05
2,3,7,3,8,2,2,2,2,5,1,1,4,3,0,0,0.8454865689901024,0.15368280173059973,0.0008306292792978089
1,4,5,3,5,2,3,3,4,2,1,1,2,0,2,1,0.4177901742178277,0.549535396209739,0.03267442957243328
1,5,5,2,7,2,2,3,3,3,2,1,3,0,0,0,0.50723810461719,0.4595680614787675,0.033193833904042534
2,2,6,3,8,2,3,5,5,5,1,1,5,2,0,0,0.964146742993426,0.03425513171959569,0.0015981252869784076
2,4,5,3,8,1,3,5,5,3,2,1,2,0,0,0,0.9933605610894758,0.0061700655428915,0.00046937336763267255
1,2,3,3,8,2,2,5,4,2,2,1,2,0,0,0,0.5311191052580008,0.3210323060949683,0.14784858864703085
1,3,6,2,7,2,1,4,3,5,2,4,5,2,0,0,0.9997339212115367,0.00025924556461491744,6.833223848473777e-06
1,2,6,3,8,2,3,4,4,3,3,1,4,0,0,0,0.9848373045490602,0.0015399739218721292,0.013622721529067718
1,5,7,2,5,2,4,2,2,4,1,1,6,2,0,0,0.9631928542930969,0.03207674977175599,0.004730395935147002
2,5,4,2,4,1,3,4,4,2,2,1,1,0,2,0,0.5721051674822469,0.41296026108940664,0.01493457142834647
1,5,4,2,5,2,1,1,1,1,1,1,2,0,0,1,0.06331807841203767,0.6456903702237541,0.2909915513642083
1,4,5,3,3,2,3,4,4,2,1,2,3,3,1,0,0.5884178913873196,0.37399157019545815,0.037590538417222194
1,4,7,3,4,2,1,5,5,3,1,1,4,0,0,0,0.984607559424748,0.01441043716345436,0.0009820034117976916
1,6,5,2,5,2,3,4,3,3,2,1,1,0,1,1,0.020580382406413494,0.9784875387134708,0.000932078880115631
2,4,7,3,8,2,3,3,2,2,1,1,2,0,2,2,0.1712523492710924,0.12901511905377056,0.6997325316751372
1,5,7,3,3,2,4,3,4,5,1,1,4,0,2,1,0.2626588270089173,0.7176738398413669,0.019667333149715815
2,2,3,3,5,2,3,4,4,2,1,1,4,2,0,0,0.8501681737629027,0.13794226966672704,0.011889556570370323
2,5,4,1,5,2,4,2,1,3,1,1,3,0,1,2,0.35587248962279705,0.2820214712739518,0.36210603910325107
1,2,5,3,6,2,2,5,5,4,2,4,6,2,0,0,0.8415675625371108,0.13233887868766683,0.0260935587752223
1,4,7,3,5,2,3,4,3,4,2,1,4,2,0,0,0.6207447902755869,0.3783414686070646,0.000913741117348581
2,5,3,1,5,2,2,3,3,3,2,1,2,1,1,0,0.536402402486575,0.23603484722902887,0.22756275028439613
1,7,3,2,8,1,4,4,4,3,2,1,5,1,0,0,0.9940942960314733,0.005883481633284859,2.2222335241903765e-05
2,4,7,3,3,2,4,5,2,3,4,4,1,4,2,0,0.6408176171363819,0.048601193213905845,0.3105811896497122
2,4,4,3,8,2,3,4,4,3,2,1,4,0,0,0,0.947770354926294,0.051416162691945794,0.000813482381760132
1,3,3,1,8,2,1,4,2,2,2,2,4,1,0,0,0.9263932830521869,0.07071328885315394,0.0028934280946589946
2,6,4,3,8,2,3,4,3,3,1,1,4,0,0,0,0.9761096268949905,0.022600074931509437,0.0012902981735000093
1,4,3,2,4,2,1,1,1,4,2,1,3,1,0,0,0.3572410256909391,0.33277047600042814,0.30998849830863284
1,5,1,2,8,1,4,2,2,1,1,1,3,0,1,1,0.016142984373023944,0.9800219147125995,0.003835100914376657
1,4,5,4,8,2,5,4,5,4,1,1,5,3,1,0,0.998477744498939,0.0014221543833060476,0.00010010111775492285
1,6,7,3,8,2,2,4,4,5,1,1,2,0,0,0,0.9394206235319195,0.02941559044330113,0.03116378602477942
1,4,6,3,5,2,2,5,4,5,1,1,3,2,0,0,0.635925150531621,0.3629895216685302,0.001085327799848775
2,3,4,1,5,2,2,4,4,3,1,2,4,2,1,0,0.9226157779453928,0.07104277015551841,0.006341451899088786
2,5,3,1,8,2,3,4,4,2,2,1,4,0,0,0,0.9067652505158252,0.09229660454605153,0.0009381449381234356
2,4,7,3,8,2,2,4,3,3,1,1,2,0,0,2,0.29313890785979685,0.17221565642062953,0.5346454357195737
2,4,3,2,8,2,4,4,3,4,2,3,5,1,0,0,0.9974701710001233,0.0025012658541385515,2.8563145738171498e-05
1,2,2,1,3,2,2,5,1,4,1,1,2,1,2,1,0.257427442244264,0.6774878588936737,0.0650846988620623
2,5,3,3,4,2,4,5,4,1,1,1,2,2,0,0,0.9352613314507963,0.0348615445672273,0.029877123981976422
2,4,7,3,4,2,1,3,4,4,1,2,3,1,0,0,0.5706545661615466,0.4152043467364742,0.014141087101979128
1,4,4,3,5,2,2,4,3,4,2,4,3,1,0,0,0.9845799935302616,0.009446409121813194,0.005973597347925223
2,3,7,3,8,1,4,4,3,4,2,2,5,2,0,0,0.995057518791635,0.004797723489661377,0.00014475771870361395
2,4,7,3,3,1,3,4,4,1,1,1,3,3,0,0,0.8489042923144493,0.035601770005118064,0.11549393768043258
1,4,3,1,6,1,3,2,3,5,2,6,3,2,2,0,0.9989897542681453,0.0005303143389203972,0.00047993139293426234
2,4,4,1,7,1,4,4,4,3,2,3,4,0,0,0,0.988564947557531,0.011388142502039986,4.6909940429019436e-05
2,2,3,1,7,2,3,5,3,4,3,2,4,0,0,0,0.9997558720437049,0.00017600098458251526,6.812697171253389e-05
2,4,7,3,8,2,3,4,4,3,2,1,4,2,0,0,0.5067918367494799,0.39544183394361276,0.09776632930690737
1,4,7,3,7,1,3,4,4,2,1,3,2,0,0,1,0.3555000085305376,0.6408385114789453,0.0036614799905172217
1,5,4,3,6,2,1,2,3,4,2,4,6,2,0,0,0.9684081338690378,0.02002920439205911,0.011562661738903256
2,4,7,3,8,2,2,4,3,3,2,1,5,4,0,1,0.36794203645748125,0.468755296931952,0.16330266661056672
2,3,7,3,4,2,1,5,3,5,2,2,5,2,0,0,0.9862331054768537,0.013729253604015048,3.7640919131266396e-05
2,4,6,3,3,1,4,3,3,3,2,1,2,0,0,1,0.10024605621702032,0.7669326809680816,0.13282126281489817
2,2,7,3,3,2,4,5,2,4,1,3,5,2,0,0,0.9908711429223773,0.008400298505254629,0.000728558572368221
1,3,5,2,6,1,3,4,5,3,2,2,3,1,0,0,0.8923786540136752,0.1072175562422312,0.00040378974409352756
1,3,3,1,3,2,1,3,4,4,1,1,3,0,0,0,0.977308585212509,0.020988256752252642,0.0017031580352384365
1,3,7,3,8,2,3,4,3,1,2,4,4,0,0,0,0.9994852708956604,0.000502661295663608,1.2067808675983353e-05
2,4,6,3,8,2,3,4,4,4,2,1,4,1,0,0,0.7651672501999568,0.2304554839944946,0.004377265805548595
1,6,6,2,8,2,4,4,4,3,1,2,2,0,2,2,0.31132510302829475,0.3211093934853587,0.36756550348634653
1,2,7,3,5,2,2,4,4,4,3,1,3,0,0,0,0.9718932064505175,0.002714060264093734,0.025392733285388654
2,5,5,2,1,2,1,3,1,1,1,1,2,2,2,2,0.031512676304803755,0.30078891216802683,0.6676984115271694
1,2,5,3,6,2,2,5,2,4,2,3,5,1,0,0,0.9822427156241816,0.016346339205549003,0.0014109451702692668
2,4,5,2,8,2,4,4,4,4,1,3,4,2,0,0,0.9884463200298845,0.010063237389185652,0.001490442580929783
1,3,6,5,8,2,3,2,2,2,1,1,3,0,1,1,0.2868972573045998,0.5353874552111331,0.17771528748426715
2,3,7,4,8,2,3,4,4,4,3,4,3,0,0,0,0.9988951646330401,2.0146306655445615e-05,0.001084689060304482
1,5,6,3,8,2,3,5,4,2,1,1,3,2,1,1,0.47805934784120324,0.4940365969512716,0.027904055207525223
1,3,4,3,4,2,1,4,3,2,2,2,6,2,0,0,0.9798952062567079,0.018045840796998714,0.0020589529462933247
1,6,7,2,3,2,4,3,3,3,4,4,1,4,2,2,0.008802042528350946,0.0002751837912182218,0.9909227736804308
1,2,7,3,5,1,4,5,5,4,1,2,2,0,0,0,0.9773684084939123,0.017672575830499263,0.004959015675588668
1,4,4,3,6,2,2,4,4,4,3,2,4,3,0,0,0.9985888312591784,0.0012845770614905451,0.000126591679330934
1,5,7,3,5,2,2,3,3,4,2,1,3,3,0,1,0.4605979919582965,0.5166216210065739,0.022780387035129704
2,2,7,3,8,2,4,4,4,4,2,1,6,2,0,0,0.996986623179412,0.0024359342146471805,0.0005774426059406563
1,3,4,3,6,2,1,5,3,1,2,2,3,0,0,0,0.9861067685601481,0.013300698381001952,0.0005925330588499671
1,3,7,3,4,2,2,5,4,4,2,1,5,2,0,0,0.7846267799778716,0.21510093850688292,0.00027228151524550965
2,5,5,3,8,2,2,4,4,4,1,1,2,0,2,0,0.5445159967095569,0.15408312579595893,0.3014008774944843
1,5,7,3,5,2,2,4,4,4,1,4,1,0,2,0,0.7663401612184132,0.19039019619765316,0.043269642583933794
1,4,4,3,5,2,3,5,1,1,1,2,3,0,0,0,0.9913426056259296,0.007874638110486462,0.0007827562635840783
2,2,7,3,2,2,2,5,3,4,2,2,1,2,0,1,0.4256236444019992,0.5718826041931261,0.0024937514048748123
1,3,3,1,8,2,4,4,4,5,2,1,4,0,0,0,0.9983520703229064,0.0014740223396024835,0.00017390733749123347
2,3,3,1,5,2,3,4,4,4,2,2,4,4,0,0,0.9869205500933206,0.013006688811703837,7.276109497564988e-05
1,4,4,3,5,2,1,4,3,4,1,1,2,1,0,2,0.40231232559961433,0.07933751176675101,0.5183501626336346
1,4,6,3,5,2,4,3,4,3,1,2,2,0,0,0,0.6424575175061409,0.3452319692375967,0.012310513256262434
1,4,6,3,5,2,2,3,4,3,1,1,3,2,1,1,0.2930238699774735,0.6373283369237758,0.06964779309875076
1,5,3,3,4,1,4,5,5,4,2,2,6,4,1,0,0.9996144668822445,0.0003225194607177925,6.301365703783663e-05
1,5,6,3,5,2,3,3,3,5,2,1,3,0,0,0,0.7509789534257516,0.24816257543001846,0.0008584711442299064
2,3,5,3,5,2,3,4,3,3,2,1,1,0,0,0,0.665939102200426,0.31708289763157416,0.016978000167999923
1,3,7,2,6,2,3,4,4,4,2,3,5,3,0,0,0.9916195708901255,0.008365421445602605,1.5007664271906743e-05
1,5,7,3,8,2,2,4,3,4,1,1,6,5,0,0,0.9858608429452054,0.012247073953207607,0.0018920831015869874
1,3,3,1,4,2,3,4,4,3,1,1,6,1,0,0,0.9981230605958781,0.0010833343007992733,0.0007936051033226196
2,4,7,3,8,2,1,5,4,4,2,1,2,0,0,0,0.9269959094039552,0.06636955334964037,0.006634537246404504
2,5,7,3,8,2,2,4,3,5,1,1,3,2,0,1,0.3808152831543593,0.6181762886770613,0.0010084281685793302
1,4,4,3,4,2,2,4,4,3,1,1,2,2,0,0,0.8857611645936132,0.07159193927514032,0.04264689613124636
1,6,6,3,6,2,2,4,3,1,2,1,3,0,0,0,0.9846522735700388,0.010277814442211585,0.005069911987749617
1,5,7,3,8,1,3,3,3,5,2,1,3,0,1,0,0.7828870080047661,0.2031970841712597,0.01391590782397417
1,4,7,3,8,2,3,3,3,3,4,1,4,0,1,0,0.50718355131683,0.020894514931800702,0.47192193375136926
2,2,1,1,3,1,4,4,3,4,2,1,4,4,0,0,0.7245850376026041,0.26930879042634376,0.006106171971052205
2,5,5,3,1,1,3,4,3,3,1,6,1,0,0,0,0.904874616518748,0.05203988376302239,0.04308549971822956
1,5,3,2,8,2,3,3,2,3,1,1,5,3,0,0,0.9409259945680735,0.04870052024925662,0.010373485182669846
1,4,5,3,6,2,3,4,4,4,1,5,1,0,0,0,0.987383926444098,0.011664306241263992,0.0009517673146380438
2,1,7,3,8,2,2,5,5,5,1,1,6,2,0,0,0.9836009057313848,0.002078954438839899,0.014320139829775057
1,2,6,3,4,2,2,4,4,3,2,1,4,0,0,0,0.8732037562234998,0.03762743621864007,0.08916880755786014
2,2,3,1,8,2,3,4,1,3,2,3,1,0,0,0,0.7453351376018814,0.2351652309516504,0.019499631446468248
1,3,5,4,7,1,4,4,4,1,2,3,2,0,0,0,0.9905096623392047,0.009398165731513095,9.217192928225977e-05
1,6,6,2,5,2,3,4,3,4,2,1,1,0,1,1,0.06117363265780923,0.9378354602431298,0.0009909070990609323
1,5,7,3,8,2,2,3,4,5,1,1,2,0,0,0,0.7217118002870367,0.18481439214798656,0.09347380756497668
2,4,7,3,8,2,2,3,3,3,2,2,2,3,1,0,0.5978435682589684,0.09820075266202587,0.30395567907900567
2,5,7,3,8,2,2,4,3,2,1,1,2,0,1,2,0.30679612255705685,0.3148512585681164,0.3783526188748267
1,3,6,3,4,1,3,4,4,2,2,1,4,0,0,0,0.8785389072330285,0.1134599401327555,0.008001152634215887
1,5,5,3,5,2,1,5,5,5,2,1,4,2,0,0,0.9677379733593561,0.03205952486469354,0.00020250177595056046
2,4,5,3,4,2,1,4,3,2,1,1,3,1,1,0,0.586917621188725,0.17505928497766407,0.23802309383361092
1,5,6,3,8,2,3,4,4,2,1,1,4,2,1,1,0.2040185186483725,0.5706479988342004,0.2253334825174271
1,3,5,2,7,2,2,4,3,2,1,1,2,0,0,0,0.640511115200151,0.035021770552988635,0.32446711424686037
1,3,5,3,7,2,1,4,5,2,2,1,1,0,1,0,0.8639880864137123,0.12654102145874077,0.009470892127546943
2,3,7,3,3,2,3,5,5,5,1,1,3,0,0,0,0.8067362809487962,0.19279944193261264,0.0004642771185910083
1,1,3,3,4,2,3,4,4,4,2,2,4,3,0,0,0.938096174358569,0.04468851807080289,0.01721530757062805
1,2,4,5,7,1,5,5,5,5,2,3,3,0,0,0,0.9987215015277905,0.00020431495781748373,0.0010741835143919147
1,3,4,1,4,2,2,3,3,4,3,2,2,0,0,0,0.9691463489289369,0.02811460834404812,0.002739042727014861
1,1,4,3,8,2,3,3,4,4,1,1,2,0,0,0,0.7525566551366623,0.14513841223723628,0.10230493262610156
1,4,7,3,8,1,3,5,4,1,2,2,2,0,1,0,0.870506868202753,0.012729120040584602,0.11676401175666233
1,1,7,3,8,2,1,4,4,3,1,1,5,2,1,0,0.780684292638453,0.21486538527588406,0.004450322085663152
1,2,6,3,7,2,2,5,5,4,2,5,1,2,0,0,0.9500835126284254,0.0007414248400817457,0.049175062531492696
1,3,6,2,6,2,3,4,5,4,1,3,1,0,1,0,0.9187614858952854,0.06249052306720369,0.01874799103751085
1,6,7,3,5,2,2,3,4,4,1,2,2,0,1,0,0.5297511076845411,0.45355872693148613,0.016690165383972718
1,5,4,3,5,1,4,4,4,2,1,1,3,0,0,0,0.6289143680607857,0.36570348832703325,0.005382143612181078
1,5,4,3,8,2,2,5,5,5,2,1,6,3,0,0,0.9955419690223669,0.004444462102182875,1.3568875450259635e-05
1,5,3,3,6,2,2,3,4,3,1,2,1,0,2,0,0.8544539741331776,0.07758098532316852,0.06796504054365389
1,2,5,5,5,2,3,2,3,2,3,2,2,2,0,0,0.9957764310263258,0.0006664053870311701,0.003557163586642938
1,6,7,3,7,2,3,4,3,4,1,1,1,0,0,0,0.8729311214283423,0.1240857403579541,0.002983138213703589
1,3,5,3,8,2,4,4,3,3,1,2,3,0,0,0,0.9186521675680573,0.05094737703382436,0.030400455398118392
2,3,6,3,7,2,4,3,4,3,1,2,1,0,2,0,0.9763190868560355,0.019299048089941876,0.004381865054022497
2,2,1,1,3,2,2,4,4,4,3,2,6,3,0,0,0.9999641307949348,2.155219620226755e-05,1.4317008862741687e-05
2,6,4,2,6,2,4,4,4,4,2,1,4,1,2,0,0.9615521939121904,0.03792599106186793,0.0005218150259416052
1,5,7,3,5,2,3,4,4,4,2,1,2,0,0,0,0.5293675323070739,0.4670148076285215,0.0036176600644046695
2,3,5,2,8,2,2,3,3,3,2,1,3,0,0,0,0.6014872117615647,0.33467091612863964,0.06384187210979564
1,2,3,1,5,2,2,4,4,2,3,1,2,0,0,0,0.9929000971809135,0.002790975427915846,0.004308927391170745
1,4,7,3,5,2,1,4,4,4,1,1,1,0,0,0,0.6285402884330256,0.12130519619576005,0.2501545153712145
2,4,5,3,5,1,4,3,1,3,1,1,4,0,0,2,0.046343595510126304,0.07572028496122818,0.8779361195286455
2,5,3,1,3,1,4,3,4,3,2,1,5,2,0,0,0.8015228690767676,0.12654001576142968,0.07193711516180253
2,1,5,3,8,2,1,3,5,5,2,2,6,2,1,0,0.9995254253478746,0.00018740673854539123,0.00028716791358008995
2,2,3,5,5,1,5,5,5,5,3,5,4,2,0,0,0.9999571580920679,2.924312807681819e-07,4.2549476651378546e-05
1,2,6,3,8,2,2,3,4,3,1,1,4,0,0,0,0.8170963818862205,0.030871069657124644,0.15203254845665487
1,2,5,3,4,2,3,4,4,2,3,1,6,2,0,0,0.9947926285491397,0.0013860640884717113,0.00382130736238849
2,5,7,3,8,2,3,4,3,3,2,1,3,0,0,0,0.4666424656497525,0.4513701736572635,0.0819873606929839
1,4,5,3,5,2,1,5,4,5,1,2,4,4,0,0,0.9942116153222814,0.005616496389270734,0.00017188828844779072
1,5,6,2,4,2,2,5,5,5,1,2,3,1,1,0,0.7234707104032845,0.2764318433718908,9.744622482484331e-05
1,3,6,2,8,1,3,4,3,5,2,1,3,2,0,0,0.9860890006803791,0.01221437151856846,0.0016966278010524499
2,3,6,3,8,2,3,4,4,3,2,1,4,2,0,0,0.5610232717040589,0.4169367526522525,0.022039975643688772
2,2,4,1,4,2,2,4,3,4,2,4,5,2,0,0,0.9985751926400003,0.001404063934492628,2.074342550711209e-05
2,3,7,3,5,1,4,4,4,4,2,1,3,3,0,1,0.3408537812704072,0.6576483001259211,0.0014979186036716107
2,5,3,2,8,2,1,4,3,3,3,1,6,2,0,0,0.9621372046662922,0.03666455450381288,0.0011982408298948568
1,4,1,1,8,2,2,5,3,4,1,1,4,1,0,0,0.5322240803658678,0.4660654388123207,0.0017104808218114758
2,4,5,3,7,2,2,3,4,3,1,3,2,0,2,0,0.6211829062147679,0.2753014606044649,0.10351563318076712
1,3,4,3,5,2,1,4,3,1,2,4,3,0,0,0,0.9960186161135012,0.0034555924417496646,0.0005257914447491108
2,3,4,3,7,2,4,3,4,3,2,4,2,0,0,0,0.9776335742565698,0.021190115539522044,0.0011763102039082228
1,2,5,3,3,2,1,4,3,4,3,2,1,0,1,0,0.3560717491648047,0.3113522825555744,0.33257596827962094
1,5,6,3,8,2,1,2,2,2,1,1,1,0,0,0,0.5107672977711611,0.20566014840772293,0.28357255382111596
2,6,4,2,8,2,1,4,5,2,2,1,1,0,0,0,0.8089144502176271,0.18411272650730656,0.006972823275066284
2,3,2,3,2,2,1,4,2,4,3,3,2,0,0,0,0.9934776267734292,0.004626556861055016,0.0018958163655158804
2,2,4,1,7,2,2,4,3,4,1,4,2,0,0,0,0.9854690745124731,0.010505265479766282,0.004025660007760528
1,3,3,3,3,2,3,4,3,2,1,1,3,0,0,0,0.9486376347351823,0.014056694490220385,0.03730567077459745
2,5,3,2,8,2,2,4,4,2,2,1,4,3,0,1,0.22438037339487432,0.7705358196457879,0.005083806959337695
1,6,6,2,8,2,2,3,3,5,2,3,5,2,0,0,0.9960859267051012,0.0035495604040593877,0.00036451289083939823
1,7,3,2,4,2,3,4,4,4,1,1,2,0,0,0,0.9511743583746076,0.04754190585359927,0.0012837357717930067
1,4,7,3,5,2,2,3,3,3,2,1,4,0,0,0,0.8128969595571838,0.12113260052435214,0.0659704399184642
1,3,5,3,3,2,2,4,4,2,3,1,1,0,1,2,0.33465146508144294,0.04104188711414201,0.6243066478044151
1,3,5,2,2,1,3,4,3,3,1,1,2,1,1,2,0.23101898459136203,0.11995587787120911,0.649025137537429
1,2,3,1,4,2,2,4,4,3,3,2,6,2,0,0,0.9994331365465015,0.00022372426224930475,0.00034313919124921726
2,6,6,2,8,2,4,4,4,4,2,1,3,0,1,1,0.39946792928972696,0.5932701577150724,0.007261912995200578
2,3,6,2,6,2,3,4,5,2,1,3,1,0,1,0,0.9278595046660694,0.07187501562655059,0.0002654797073799307
1,5,6,1,4,1,4,5,2,5,2,1,4,0,0,0,0.9938367449773468,0.003289157859593015,0.0028740971630601075
2,4,6,1,8,2,2,4,4,4,2,1,2,2,2,0,0.6234293983093301,0.1872453452175444,0.18932525647312543
1,6,7,3,5,2,3,3,3,2,1,1,1,0,2,1,0.32645293711821366,0.6476534348384734,0.02589362804331287
1,2,5,3,4,2,2,5,4,1,2,2,2,1,0,0,0.9646861715375229,0.012053315351316927,0.023260513111160244
1,3,6,3,7,2,1,5,5,2,2,4,1,1,0,0,0.9950314353632981,0.004599252694489016,0.00036931194221280337
1,2,2,1,8,2,2,4,4,2,2,2,4,2,0,0,0.868962483196288,0.12874554578303352,0.0022919710206784276
1,2,1,1,6,2,2,4,3,3,1,2,2,0,0,0,0.7220147501813834,0.21464087540796029,0.06334437441065635
1,4,6,3,8,2,2,4,4,4,2,3,3,1,0,0,0.93537775873169,0.06328694413522302,0.0013352971330869525
1,3,6,3,8,2,1,5,3,1,1,3,2,2,1,0,0.9485936225788214,0.046475091133027495,0.004931286288150997
1,3,4,1,7,2,3,5,5,5,3,3,4,2,0,0,0.9999250873318003,7.210837235660117e-05,2.8042958431954764e-06
2,4,4,5,7,2,3,4,3,5,2,2,3,0,0,0,0.9976599500874991,0.0021876150298906563,0.00015243488261042502
1,4,3,1,7,2,3,5,5,4,1,2,4,3,0,0,0.9988771238347925,0.0010871762413901646,3.569992381747144e-05
1,1,5,4,3,2,2,4,4,5,2,1,1,1,0,1,0.14922278966356423,0.8043553498982691,0.04642186043816677
2,2,3,5,6,2,2,5,4,5,2,2,5,2,0,0,0.9998013913020747,0.00013212466307007602,6.648403485535928e-05
2,6,6,3,7,2,3,4,3,1,1,2,1,0,0,0,0.9462008930235555,0.053439128197847165,0.0003599787785972743
1,5,7,3,5,1,4,4,3,3,1,1,2,0,1,0,0.695558813397821,0.24245338544602948,0.06198780115614945
2,5,5,3,5,2,1,2,3,4,1,2,5,2,0,0,0.9699231291514043,0.027593953291522814,0.0024829175570729328
1,3,7,3,7,2,3,3,3,3,2,2,4,0,0,0,0.9856398059770005,0.01292926891824658,0.001430925104752924
1,3,7,3,7,2,1,4,2,4,3,5,2,3,0,0,0.9990230373784237,7.120839651706505e-05,0.0009057542250593528
2,4,5,3,5,1,4,4,3,4,1,1,3,3,1,1,0.08352612274065262,0.9133299737309476,0.0031439035283998273
1,5,3,3,1,2,3,3,2,1,1,1,1,0,1,0,0.9596916932781343,0.0031492921752682484,0.03715901454659737
2,2,5,3,8,2,3,4,4,4,1,1,4,0,0,0,0.972737340798903,0.024673529146025174,0.0025891300550719867
1,3,6,2,8,1,3,4,3,5,2,2,3,3,0,0,0.9871338587211161,0.011521060371709054,0.0013450809071749036
2,3,5,2,6,1,5,5,4,4,1,2,3,3,0,0,0.9920447566241839,0.00758566704022852,0.0003695763355877149
2,3,5,3,8,2,3,2,3,3,2,2,2,0,0,0,0.8660365281623156,0.09721884227116456,0.036744629566519915
2,2,4,5,7,2,3,2,2,2,3,2,2,0,0,0,0.9954545257603734,0.0007194158486738419,0.0038260583909526984
1,4,7,3,3,1,3,2,3,2,1,1,3,0,1,0,0.46336118944019483,0.1986304778088776,0.33800833275092745
1,2,2,1,4,2,1,4,3,4,1,1,3,0,0,0,0.9336940454972844,0.06347375343820037,0.0028322010645151934
2,5,3,3,5,2,4,4,4,4,1,1,3,2,0,0,0.9099617152367414,0.08848264612337582,0.0015556386398827696
1,2,3,1,4,2,3,4,4,4,3,1,6,2,0,0,0.9997277762391977,7.65553859724279e-05,0.0001956683748299065
1,3,7,3,3,1,5,5,1,3,1,1,3,0,2,0,0.5173227429078767,0.023681065430672478,0.4589961916614509
2,2,6,2,8,2,1,4,3,5,1,4,5,2,0,0,0.9994747690299416,0.0003988962209031519,0.00012633474915526612
2,4,3,1,8,2,4,4,3,3,2,2,6,2,0,0,0.9995918066245404,0.0002736759145885336,0.00013451746087102766
2,2,7,2,8,2,3,4,3,5,2,2,3,2,0,0,0.9918673228028545,0.006713315795081668,0.0014193614020638586
1,4,6,3,6,2,1,5,4,3,2,3,4,1,0,0,0.8994628844762639,0.10045084474984349,8.627077389274589e-05
1,2,4,3,8,2,4,3,4,3,1,2,2,0,0,0,0.8803683000151143,0.09715916733940502,0.02247253264548057
1,4,5,3,4,1,4,4,4,5,1,1,6,2,0,0,0.975096287304619,0.021092726796233533,0.0038109858991473094
2,5,1,1,8,1,4,5,5,4,2,2,3,0,0,0,0.9922421613459828,0.007422679836338253,0.00033515881767889595
1,6,3,2,5,2,2,4,2,1,2,1,4,2,1,0,0.8752422472320273,0.10521411486399221,0.019543637903980633
1,4,5,3,4,2,1,5,3,5,2,2,2,0,0,0,0.7380226180770357,0.25933504847316763,0.0026423334497966476
1,3,5,1,6,2,5,4,3,5,1,3,4,0,0,0,0.9980549172643444,0.0018020524992985833,0.00014303023635699495
2,2,7,3,4,2,3,4,4,4,2,1,4,0,0,0,0.9934777896096485,0.006300121328044817,0.00022208906230663077
2,2,5,2,7,2,4,5,5,5,2,3,6,2,0,0,0.9999406058537391,1.289894615315216e-05,4.649520010776179e-05
1,3,3,3,4,2,3,4,4,3,2,1,4,0,0,0,0.9674843896053823,0.030535470017088468,0.001980140377529081
2,6,5,2,8,2,3,2,3,3,2,1,1,3,1,1,0.041566306181986465,0.9052732718113916,0.0531604220066221
1,5,6,3,5,2,2,3,2,2,1,1,1,0,2,0,0.47212007548748797,0.32493789114420285,0.20294203336830924
2,3,7,1,5,2,1,4,4,4,1,1,5,1,0,0,0.9859499815880785,0.013599553977899753,0.00045046443402181385
1,5,7,3,6,1,4,5,2,2,1,1,1,0,0,0,0.97803079151685,0.013234724062128918,0.00873448442102113
1,4,6,2,8,1,4,5,3,5,2,5,3,3,0,0,0.9999358508864942,2.3266192685348194e-05,4.0882920820448936e-05
2,5,6,3,4,1,3,5,5,5,1,1,3,3,0,0,0.9904840048584421,0.009373247173322979,0.00014274796823504813
1,4,4,3,8,2,2,5,3,1,2,2,3,0,0,0,0.9716404474490655,0.027899050747345805,0.0004605018035886126
1,5,6,3,2,2,4,5,4,5,2,1,2,2,2,1,0.09458757917009707,0.6715071258356897,0.2339052949942131
1,5,7,3,5,1,3,3,3,5,1,2,3,0,1,1,0.10955184915017319,0.8729484610273515,0.017499689822475267
1,3,5,3,7,1,4,4,5,3,1,2,2,1,2,0,0.8925396008713731,0.10448173157300512,0.0029786675556215947
2,5,3,2,4,2,1,4,4,4,1,1,3,1,0,0,0.934954909192894,0.06299649673587984,0.0020485940712261647
1,5,7,4,8,2,2,2,4,4,2,3,6,3,0,0,0.9985177312789795,0.0008511068178393452,0.0006311619031811571
2,3,7,3,6,1,4,5,4,3,3,2,2,0,2,0,0.9981864028161006,0.00017431812115542325,0.0016392790627438958
2,2,3,1,6,2,4,4,3,4,2,2,5,2,0,0,0.9923605288176052,0.006924026635050252,0.000715444547344547
1,2,5,1,4,2,2,5,5,4,2,2,4,1,0,0,0.9358063964349477,0.06393434971100635,0.0002592538540459379
2,3,7,3,8,2,1,3,3,3,1,1,2,2,0,0,0.7092478568850736,0.269562204795187,0.021189938319739324
1,5,1,1,4,1,4,4,3,2,2,1,4,0,0,0,0.4597437192962056,0.4117299911534587,0.12852628955033565
1,3,5,3,8,2,1,3,3,4,1,1,2,2,0,0,0.9098090760799293,0.08392855934655462,0.006262364573516149
1,2,7,4,8,2,2,4,3,3,2,3,2,0,0,0,0.9969656841930017,0.000902805888210491,0.0021315099187878945
2,2,1,1,3,2,2,3,3,3,2,4,5,2,0,0,0.9687121874995964,0.02869188131710984,0.002595931183293685
2,6,2,2,4,1,2,5,4,5,1,1,3,0,0,0,0.9988436320315982,0.0006041007879192048,0.0005522671804824472
2,1,5,3,8,2,3,4,3,4,1,1,5,1,0,0,0.9620600088507786,0.03620112510239066,0.0017388660468307493
1,4,7,3,8,2,2,2,2,4,2,1,3,0,0,0,0.878019871143566,0.07156128201944582,0.050418846836988
1,3,4,1,5,2,2,5,5,5,1,2,3,0,0,0,0.9947394242438212,0.005222478324210784,3.809743196783587e-05
1,3,7,3,4,2,3,3,3,4,2,1,4,2,0,1,0.2647990818167789,0.731097304279211,0.004103613904010012
2,5,7,3,8,2,2,4,3,3,1,1,2,0,1,2,0.3592862071695896,0.23368175248218084,0.4070320403482296
1,4,7,3,5,2,3,3,3,3,2,1,1,0,0,0,0.7420322168218783,0.23591548631397205,0.02205229686414974
1,5,5,1,7,2,3,3,3,3,2,4,4,2,0,0,0.9969538765661737,0.0023313887525767264,0.00071473468124956
1,6,4,2,3,1,4,3,2,4,1,1,1,1,2,2,0.10116669934671259,0.015941559285010405,0.8828917413682771
2,3,3,1,7,2,1,4,1,5,1,6,4,1,0,0,0.9981738491850777,0.0003146216019154774,0.0015115292130068552
2,4,3,5,3,2,4,4,4,4,1,1,4,3,0,0,0.9949841429149192,0.002604697481502638,0.0024111596035783123
1,4,7,3,8,1,4,4,5,4,2,1,5,1,0,0,0.9856612576112513,0.013769998208368639,0.0005687441803799495
2,3,6,5,4,2,2,5,4,1,1,1,2,0,1,0,0.9238237374689022,0.07121352833206243,0.004962734199035306
1,4,4,3,5,2,3,4,1,1,1,2,2,0,0,0,0.8184314046017042,0.1736043818628513,0.007964213535444424
1,3,4,1,6,2,2,5,4,4,1,2,4,2,0,0,0.8989336933411401,0.10030215821295066,0.0007641484459092075
2,5,6,2,7,2,2,5,4,5,1,3,1,1,0,0,0.910112943560592,0.0777356401624226,0.01215141627698531
2,3,5,1,8,2,2,4,3,2,2,1,3,0,0,0,0.8441145860380338,0.1244276570109003,0.031457756951065806
1,3,7,2,7,2,4,4,4,3,1,2,3,3,0,0,0.768128322622788,0.22250451093517107,0.009367166442040989
1,4,6,3,5,1,4,4,4,4,2,1,2,0,0,0,0.7790772279028219,0.21566114098814076,0.0052616311090374806
2,3,6,2,8,2,1,3,3,3,2,2,4,2,0,0,0.9242105239945098,0.06909190962504141,0.006697566380448705
2,4,4,3,3,2,1,5,3,3,1,4,2,0,0,1,0.3867895964432435,0.6025072473784893,0.01070315617826738
2,5,6,3,8,2,4,3,3,4,1,1,1,1,2,0,0.6189602600107528,0.37212007304594236,0.008919666943304878
1,4,7,3,6,2,3,5,2,4,4,1,2,2,0,1,0.2860877789145659,0.7068384765682165,0.007073744517217676
1,5,6,3,3,2,2,5,3,5,2,2,3,0,0,1,0.4145951781290029,0.5851812593106088,0.0002235625603883473
2,3,7,3,6,2,4,4,2,4,1,2,5,1,0,0,0.9846576342089607,0.014535650338888791,0.0008067154521505477
1,5,5,1,3,2,3,4,4,4,1,2,6,2,0,0,0.979005781198345,0.02086751761930337,0.0001267011823517676
1,5,3,3,7,2,3,5,5,3,1,1,3,0,0,0,0.9851111556313383,0.014725807268914932,0.00016303709974676135
1,3,7,4,5,2,4,4,4,3,2,1,6,1,0,0,0.9997247025155219,0.00015991714567648103,0.00011538033880144722
2,5,4,3,4,1,3,4,4,4,2,2,4,1,1,0,0.7919394558019933,0.20701966853007298,0.001040875667933795
1,3,3,3,7,1,4,3,4,3,1,2,3,0,0,0,0.9533833011214073,0.04178926882260064,0.004827430055991992
2,3,4,3,5,2,1,3,3,4,1,1,2,0,0,0,0.9274382237471857,0.06476272713357108,0.007799049119243205
1,2,1,1,8,1,3,5,3,4,3,2,1,0,0,0,0.9511784734788239,0.0358764429655743,0.01294508355560183
2,2,7,3,4,1,3,4,4,1,1,1,3,3,0,0,0.8639357619188128,0.01854793633147306,0.11751630174971411
1,4,5,3,8,2,4,5,4,4,1,1,6,3,0,0,0.9597509315853292,0.039618963477870806,0.0006301049368001464
2,2,1,1,5,2,2,5,3,2,2,2,1,2,0,1,0.2848466726827895,0.6963006451721405,0.01885268214507004
2,6,7,3,5,2,3,4,4,2,1,1,2,0,0,1,0.482151442540012,0.5101938970370312,0.007654660422956704
1,6,7,3,8,1,2,4,4,3,2,2,4,3,0,0,0.9677737335087024,0.01935980317193656,0.01286646331936096
1,4,5,2,6,1,4,5,5,4,3,3,3,2,0,0,0.9995251954142169,3.976895771920806e-05,0.00043503562806393724
1,4,4,3,4,1,2,4,3,3,1,1,2,0,1,0,0.6582120804701824,0.0814901092120352,0.2602978103177824
1,1,7,3,8,2,2,4,4,4,2,1,3,0,0,0,0.8395153894063908,0.04412686263361,0.11635774795999909
1,5,6,3,6,2,3,4,3,3,2,1,3,1,1,0,0.6582038497852264,0.3321129021829797,0.009683248031794054
2,6,5,2,5,2,3,2,3,3,2,1,1,2,1,1,0.0074764887128533014,0.9909784653691722,0.0015450459179745047
2,1,7,3,8,2,3,4,4,1,1,1,5,1,0,0,0.8177632868526888,0.1742852787270971,0.007951434420214116
2,4,2,3,5,2,2,4,3,4,2,1,3,0,0,0,0.9536249354187741,0.045828019024786774,0.000547045556439009
1,2,1,1,3,1,3,4,3,4,1,2,2,0,0,2,0.04828895225202719,0.11285450161023378,0.838856546137739
1,5,6,3,3,2,4,4,3,4,1,2,4,2,0,0,0.9510789707395106,0.04493883413217641,0.003982195128313027
1,4,4,3,5,2,2,5,2,5,3,5,3,3,0,0,0.9989346637394391,0.000983398078108439,8.193818245236034e-05
1,6,5,3,4,2,1,2,3,3,1,1,2,0,0,2,0.10829387426093731,0.2975718058739703,0.5941343198650925
1,4,5,1,5,1,4,4,4,4,1,2,6,3,0,0,0.9889525898518262,0.010704347813270584,0.00034306233490326684
1,1,3,3,8,2,2,4,3,3,1,1,2,0,0,0,0.6097302922469646,0.06598355354654123,0.32428615420649426
1,5,4,1,6,2,1,4,2,4,2,1,2,0,0,0,0.6500848733618735,0.26314661228568526,0.08676851435244122
1,4,7,3,4,1,3,4,3,4,2,1,2,4,1,0,0.46560531318176807,0.4334624887304301,0.10093219808780192
2,3,3,1,5,2,2,4,3,2,2,3,2,0,0,0,0.9343896986110296,0.06499813862019943,0.0006121627687708527
1,5,4,2,6,2,3,4,2,3,2,1,2,0,1,0,0.816061452894338,0.1810896422641928,0.0028489048414693653
2,5,7,3,8,2,2,4,3,3,1,1,3,1,1,1,0.21206141586244218,0.6890933142773394,0.09884526986021851
2,5,7,3,7,2,3,4,2,3,2,1,2,0,0,0,0.852831242070132,0.1161411264991232,0.031027631430744797
2,6,7,3,4,2,3,4,3,5,2,3,5,3,1,0,0.9948481195324885,0.004178077495080571,0.0009738029724309155
1,3,7,3,8,2,2,3,4,3,2,1,2,3,0,2,0.2169311431611412,0.016238463287570067,0.7668303935512888
1,6,6,3,4,2,1,4,4,2,1,1,3,1,0,0,0.4003052183169393,0.25003040227360424,0.34966437940945655
1,4,2,1,3,2,1,3,3,2,1,1,1,0,2,2,0.08947311841101177,0.05033882152148127,0.860188060067507
2,4,6,2,5,2,3,4,4,4,2,2,2,2,1,1,0.4721911451977897,0.5169849779721633,0.01082387683004709
2,3,7,3,6,2,2,5,5,4,2,3,3,3,0,0,0.9799437781258074,0.018740248843672713,0.0013159730305199993
1,2,5,3,7,2,1,5,4,3,2,3,6,2,0,0,0.9870047221082573,0.011621085333944249,0.0013741925577984487
1,2,3,1,4,2,1,4,4,4,1,1,5,1,0,0,0.9815955796081327,0.017663335296880696,0.0007410850949866712
1,4,7,4,5,2,4,5,4,4,1,1,4,2,0,0,0.9976410535290767,0.0022638121107431976,9.51343601801984e-05
2,3,4,3,4,1,3,4,4,3,2,1,4,0,0,0,0.9772116771000194,0.02208019140380874,0.0007081314961716065
1,4,7,3,4,2,2,4,4,3,1,3,4,1,1,0,0.6649753326084779,0.32871244294091784,0.0063122244506044565
2,2,4,2,6,1,5,3,4,5,2,3,6,2,0,0,0.9997220850473046,6.0612917725126146e-05,0.0002173020349702602
2,3,3,1,6,2,2,4,4,4,1,2,6,2,0,0,0.997202456162539,0.0016362458523288086,0.0011612979851322166
1,5,4,3,2,2,1,2,3,2,1,2,2,2,0,0,0.7444269501512434,0.07242320131609947,0.18314984853265706
2,3,6,2,5,2,3,3,4,4,2,2,2,2,1,1,0.1293184720776272,0.8698601568295009,0.0008213710928717705
1,4,4,3,5,2,3,4,4,1,1,2,1,0,0,0,0.9184693751868427,0.07772544456486127,0.0038051802482961267
2,2,3,1,4,2,3,4,4,3,1,2,4,2,0,0,0.8714820803149104,0.11638937830872706,0.012128541376362606
1,3,4,3,6,2,2,5,3,4,2,1,3,0,0,0,0.8206803299600899,0.16524271302377946,0.014076957016130693
2,6,3,2,8,2,3,3,3,3,2,1,2,2,1,1,0.02776057472433291,0.965993392061667,0.006246033214000026
2,3,3,1,7,2,1,4,4,3,3,3,5,2,0,0,0.9988802170351841,0.0011021714340116676,1.761153080397412e-05
1,2,2,1,8,2,2,5,3,3,2,4,4,3,0,0,0.9487130924950892,0.0476455604942075,0.003641347010703576
2,3,6,3,7,1,4,5,3,3,2,2,4,3,0,0,0.976878227242095,0.022572394772423593,0.0005493779854812669
1,3,4,1,5,2,3,3,3,3,3,2,6,1,0,0,0.9990050923176802,0.00040393461456316197,0.0005909730677566623
1,6,6,2,5,2,2,4,2,2,2,3,4,3,0,0,0.8586328926470902,0.13836796415140035,0.002999143201509346
2,3,6,4,8,2,3,4,4,1,2,1,4,0,0,0,0.9776424895636276,0.021491352885684014,0.0008661575506883336
2,4,5,3,8,2,3,3,4,3,2,1,2,3,1,0,0.5070194338042521,0.07367151373605631,0.4193090524596917
1,2,5,3,5,2,3,5,4,3,1,1,1,0,2,0,0.8126241530128074,0.1523434080620508,0.03503243892514178
1,2,3,1,3,1,4,4,4,4,1,1,3,0,0,0,0.47500829800311967,0.0650502402873935,0.45994146170948674
1,6,7,3,8,2,2,4,2,5,1,1,3,0,0,0,0.9798040135621398,0.007621100622045293,0.012574885815815048
1,7,1,1,8,2,1,4,4,3,2,2,6,2,0,0,0.9979799673024602,0.0019494208800200927,7.061181751977965e-05
1,3,5,3,7,2,2,2,3,4,2,3,6,2,1,0,0.9961149007930409,0.003756639587973707,0.00012845961898560944
1,2,5,3,3,2,2,4,4,5,3,2,4,1,1,0,0.92455281402015,0.0745603028121766,0.0008868831676733505
1,3,4,1,4,2,3,4,3,1,3,1,4,0,0,0,0.9098664057748543,0.0746722879533379,0.015461306271807838
1,3,4,1,5,2,2,5,4,3,1,1,4,0,0,0,0.9901025884693031,0.009126883195042833,0.0007705283356539765
1,6,7,3,7,2,1,1,1,2,1,1,1,0,1,1,0.2390549735436511,0.6739935599139599,0.08695146654238889
1,5,6,2,8,2,1,4,3,4,1,1,1,2,2,1,0.2521601268285167,0.722148435752323,0.025691437419160457
1,6,5,3,4,1,4,4,4,3,1,1,1,0,0,0,0.5430484641524205,0.33119359085919015,0.12575794498838933
2,5,3,3,4,2,1,5,4,5,2,2,3,2,0,0,0.9612931669199293,0.03795418849399337,0.0007526445860771706
1,3,4,1,3,2,3,4,5,3,1,1,3,2,0,0,0.9901471480334053,0.009540937920021987,0.0003119140465726267
1,3,6,2,7,2,2,5,3,5,2,3,3,2,0,0,0.9932539659680403,0.006604917010849011,0.000141117021110651
2,2,4,5,7,2,1,4,2,4,1,5,4,3,0,0,0.9999824426401018,5.267420887151623e-06,1.2289939010938501e-05
2,5,5,3,3,2,4,2,3,3,2,1,1,0,1,0,0.5711268011585355,0.29993698621094456,0.12893621263051983
2,4,7,3,4,2,1,5,3,3,1,1,2,0,0,0,0.6297754798174793,0.17599283837538002,0.19423168180714073
2,4,7,3,7,1,3,4,4,2,2,3,3,0,0,0,0.9195442508634023,0.08001068198105121,0.00044506715554640453
1,3,5,5,5,2,3,4,4,3,2,1,3,1,0,0,0.9947574173670299,0.0039565786601008105,0.001286003972869123
1,5,5,3,8,2,3,4,4,4,1,1,3,0,0,0,0.851739190410815,0.12412761240638169,0.024133197182803184
1,5,7,3,4,2,3,5,4,1,1,1,1,0,0,0,0.9602932916778535,0.022415656784142736,0.01729105153800375
1,3,5,2,5,2,3,3,3,4,2,1,3,1,0,1,0.254780889823536,0.7421621593859139,0.003056950790550021
1,3,4,2,7,2,2,4,4,4,2,2,3,2,0,0,0.8654822167929438,0.13005005242822484,0.004467730778831328
2,5,7,3,6,2,3,5,3,3,1,1,1,0,0,0,0.6634608718816368,0.32153043810794457,0.015008690010418638
1,4,4,2,5,2,3,4,4,4,2,2,3,2,1,0,0.6253858595259116,0.3731915706528341,0.0014225698212543554
1,4,6,4,8,2,2,3,3,2,2,1,2,3,1,0,0.894958761730005,0.038081165659600666,0.06696007261039445
2,4,4,3,8,2,2,2,3,1,2,1,2,0,0,0,0.8644988115368577,0.09777797021189573,0.03772321825124654
1,2,6,3,3,1,3,5,4,2,2,1,5,3,0,0,0.5287973031533804,0.4421029623172859,0.02909973452933375
2,4,4,3,3,2,2,4,2,2,2,1,4,2,0,0,0.6274806416185333,0.3504122781623052,0.022107080219161437
1,5,7,3,8,2,2,4,3,4,1,1,4,1,2,0,0.7848737069232706,0.19863125283650487,0.016495040240224496
1,4,6,3,7,2,3,4,3,4,1,2,3,0,0,0,0.9366735281034614,0.05549177033880747,0.007834701557731229
2,2,6,2,8,2,3,5,4,5,2,1,4,0,0,0,0.99750140173369,0.0021435953497990897,0.00035500291651117553
2,2,1,1,7,2,2,4,3,4,2,3,4,2,0,0,0.9774619232038364,0.022431085408511187,0.0001069913876522517
1,3,4,3,8,2,4,5,4,4,1,1,2,0,0,0,0.9161578480551986,0.08031630736458843,0.003525844580213089
1,3,4,3,7,2,4,5,4,5,2,2,6,3,0,0,0.9976545092392765,0.002265088828128544,8.040193259492528e-05
2,4,4,3,8,1,4,4,4,2,2,1,2,2,0,0,0.8745124026524286,0.12325100384719653,0.0022365935003748182
2,3,5,2,8,2,2,4,4,4,2,1,1,1,0,1,0.3148519346601774,0.5970310899644146,0.0881169753754082
1,4,4,3,8,2,2,4,3,1,1,1,3,0,0,0,0.8749510278831174,0.09720921606997832,0.027839756046904307
2,4,6,3,5,1,4,4,4,4,2,1,4,1,0,0,0.8905207949683127,0.10871213271401828,0.0007670723176689331
